INSERT INTO Film (Codice, Titolo, Descrizione, Durata, AnnoProduzione, Regista, PaeseDiProduzione, NumeroRecensioni, MediaRecensioni)
VALUES
    (1, 'Il Segreto della Collina', 'Un'avventura mozzafiato in una terra lontana...', 120, 2022, 1, 'Italia', 25, 4.5),
    (2, 'L'Ultimo Viaggio', 'Un viaggio interstellare alla ricerca di nuove frontiere...', 150, 2023, 2, 'USA', 30, 4.2),
    (3, 'Sogni Infranti', 'Una storia commovente di perdita e rinascita...', 110, 2021, 3, 'Francia', 15, 4.8),
    (4, 'L'Isola dei Misteri', 'Un'isola remota con segreti inimmaginabili...', 135, 2024, 4, 'Regno Unito', 18, 4.1),
    (5, 'Risveglio', 'Un thriller psicologico che terrà il pubblico con il fiato sospeso...', 125, 2022, 5, 'Germania', 22, 4.6),
    (6, 'Il Giardino delle Meraviglie', 'Una favola moderna ambientata in un mondo fantastico...', 140, 2023, 6, 'Italia', 28, 4.3),
    (7, 'Caccia all'Intruso', 'Un'indagine criminale avvincente con colpi di scena...', 115, 2021, 7, 'USA', 20, 4.7),
    (8, 'In Viaggio con Te', 'Una commedia romantica che farà sorridere il cuore...', 105, 2024, 8, 'Francia', 12, 4.9),
    (9, 'L'Ultimo Re', 'Un epico racconto di regni in lotta per la supremazia...', 160, 2022, 9, 'Regno Unito', 24, 4.4),
    (10, 'Oltre l'Orizzonte', 'Un'avventura spaziale alla ricerca di mondi sconosciuti...', 130, 2023, 10, 'Germania', 26, 4.0),
    (11, 'Il Segreto del Deserto', 'Un'avventura epica tra le dune e i misteri sabbiosi...', 160, 2021, 11, 'Egitto', 25, 4.2),
    (12, 'L'Ultimo Sogno', 'Un dramma emozionante che tocca le corde dell'anima...', 110, 2024, 12, 'Argentina', 28, 4.9),
    (13, 'Il Viaggio nel Tempo', 'Un'avventura scientifica attraverso portali dimensionali...', 135, 2022, 13, 'USA', 22, 4.5),
    (14, 'La Collina dei Ricordi', 'Una commedia dolce che rievoca i bei momenti del passato...', 125, 2023, 14, 'Italia', 18, 4.3),
    (15, 'Il Segreto del Vecchio Mulino', 'Un giallo ambientato in un antico mulino abbandonato...', 120, 2021, 15, 'Francia', 23, 4.6),
    (16, 'L'Ultimo Cielo', 'Una storia d'amore che sfida il destino sotto il cielo stellato...', 140, 2024, 16, 'USA', 20, 4.8),
    (17, 'Il Regno d'Inverno', 'Una favola invernale con paesaggi incantati...', 115, 2022, 17, 'Norvegia', 15, 4.1),
    (18, 'La Magia dei Colori', 'Un viaggio artistico attraverso paesaggi cromatici...', 130, 2023, 18, 'Italia', 26, 4.4),
    (19, 'Oltre la Realtà', 'Un thriller psicologico che mette alla prova la percezione della realtà...', 125, 2021, 19, 'USA', 29, 4.7),
    (20, 'Il Mistero della Baia', 'Un giallo avvincente tra le onde di una baia misteriosa...', 135, 2022, 20, 'Australia', 24, 4.2),
    (21, 'La Foresta Incantata', 'Un'avventura magica tra creature fantastiche...', 145, 2023, 21, 'Italia', 30, 4.7),
    (22, 'Il Segreto del Deserto', 'Un'avventura epica tra le dune e i misteri sabbiosi...', 160, 2021, 22, 'Egitto', 25, 4.2),
    (23, 'L'Ultimo Sogno', 'Un dramma emozionante che tocca le corde dell'anima...', 110, 2024, 23, 'Argentina', 28, 4.9),
    (24, 'Il Viaggio nel Tempo', 'Un'avventura scientifica attraverso portali dimensionali...', 135, 2022, 24, 'USA', 22, 4.5),
    (25, 'La Collina dei Ricordi', 'Una commedia dolce che rievoca i bei momenti del passato...', 125, 2023, 25, 'Italia', 18, 4.3),
    (26, 'Il Segreto del Vecchio Mulino', 'Un giallo ambientato in un antico mulino abbandonato...', 120, 2021, 26, 'Francia', 23, 4.6),
    (27, 'L'Ultimo Cielo', 'Una storia d'amore che sfida il destino sotto il cielo stellato...', 140, 2024, 27, 'USA', 20, 4.8),
    (28, 'Il Regno d'Inverno', 'Una favola invernale con paesaggi incantati...', 115, 2022, 28, 'Norvegia', 15, 4.1),
    (29, 'La Magia dei Colori', 'Un viaggio artistico attraverso paesaggi cromatici...', 130, 2023, 29, 'Italia', 26, 4.4),
    (30, 'Oltre la Realtà', 'Un thriller psicologico che mette alla prova la percezione della realtà...', 125, 2021, 30, 'USA', 29, 4.7),
    (31, 'Il Mistero del Lago', 'Un giallo ambientato sulle rive di un lago misterioso...', 125, 2021, 31, 'Canada', 15, 4.4),
    (32, 'Ritorno al Passato', 'Un viaggio nel tempo alla ricerca delle radici...', 120, 2023, 32, 'USA', 32, 4.6),
    (33, 'La Foresta Nera', 'Un'avventura tra i segreti della foresta oscura...', 140, 2022, 33, 'Germania', 28, 4.5),
    (34, 'La Città Perduta', 'Un'indagine archeologica nelle rovine di un'antica civiltà...', 150, 2024, 34, 'Grecia', 22, 4.2),
    (35, 'Il Gioco della Mente', 'Un thriller psicologico che sfida la percezione della realtà...', 130, 2021, 35, 'Italia', 20, 4.7),
    (36, 'La Leggenda del Drago', 'Un'epica avventura in cerca di un mitico drago...', 155, 2023, 36, 'Cina', 26, 4.3),
    (37, 'L'Ultima Frontiera', 'Un'esplorazione nel deserto ghiacciato del Polo Nord...', 110, 2021, 37, 'Canada', 28, 4.7),
    (38, 'Il Segreto delle Stelle', 'Un'avventura cosmica alla scoperta dei segreti celesti...', 145, 2023, 38, 'USA', 25, 4.8),
    (39, 'La Via della Speranza', 'Un dramma toccante sulla forza interiore dell'essere umano...', 120, 2022, 39, 'Italia', 18, 4.6),
    (40, 'Il Regno dei Sogni', 'Una fiaba magica che si svolge nel mondo dei sogni...', 138, 2024, 40, 'Regno Unito', 23, 4.9),
    (41, 'L'Enigma dell'Oracolo', 'Un mistero antico da risolvere attraverso profezie enigmatiche...', 135, 2023, 41, 'Grecia', 24, 4.4),
    (42, 'La Magia del Circo', 'Un'avventura nel mondo incantato del circo...', 120, 2022, 42, 'Francia', 18, 4.7),
    (43, 'Il Segreto dell'Isola Nascosta', 'Una scoperta sorprendente sull'isola misteriosa...', 145, 2024, 43, 'Australia', 22, 4.5),
    (44, 'Il Viaggio della Vita', 'Un percorso emozionante attraverso le sfide della vita...', 130, 2021, 44, 'USA', 28, 4.2),
    (45, 'La Casa dei Segreti', 'Un thriller psicologico ambientato in una casa misteriosa...', 140, 2023, 45, 'Italia', 20, 4.8),
    (46, 'Il Destino di un'Era', 'Un epico racconto di amori e tradimenti nell'antica Roma...', 160, 2022, 46, 'Italia', 32, 4.1),
    (47, 'La Sinfonia del Tempo', 'Un viaggio musicale attraverso le epoche storiche...', 125, 2024, 47, 'Austria', 26, 4.6),
    (48, 'Il Segreto del Monte', 'Un'avventura in alta quota alla ricerca di un tesoro nascosto...', 150, 2021, 48, 'Svizzera', 30, 4.3),
    (49, 'La Città degli Angeli', 'Un dramma romantico ambientato nelle strade di Parigi...', 110, 2023, 49, 'Francia', 15, 4.9),
    (50, 'Il Mondo Sotto', 'Un'avventura subacquea tra creature marine e segreti degli abissi...', 155, 2022, 50, 'Giappone', 22, 4.7);
INSERT INTO Partecipazione (Film, Attore)
VALUES
    (1, 20),
    (1, 10),
    (2, 5),
    (2, 35),
    (3, 48),
    (3, 16),
    (4, 41),
    (4, 6),
    (5, 12),
    (5, 22),
    (6, 33),
    (6, 2),
    (7, 17),
    (7, 28),
    (8, 43),
    (8, 15),
    (9, 19),
    (9, 49),
    (10, 9),
    (10, 37),
    (11, 26),
    (11, 44),
    (12, 1),
    (12, 30),
    (13, 50),
    (13, 11),
    (14, 27),
    (14, 8),
    (15, 3),
    (15, 29),
    (16, 40),
    (16, 21),
    (17, 32),
    (17, 23),
    (18, 47),
    (18, 14),
    (19, 36),
    (19, 7),
    (20, 46),
    (20, 18),
    (21, 25),
    (21, 42),
    (22, 38),
    (22, 4),
    (23, 13),
    (23, 24),
    (24, 31),
    (24, 45),
    (25, 39),
    (25, 34);
    
INSERT INTO attore (Codice, Nome, Cognome)
VALUES
    (1, 'Mario', 'Rossi'),
    (2, 'Luigi', 'Verdi'),
    (3, 'Giovanna', 'Bianchi'),
    (4, 'Paola', 'Gialli'),
    (5, 'Antonio', 'Neri'),
    (6, 'Francesca', 'Blu'),
    (7, 'Marco', 'Marrone'),
    (8, 'Elena', 'Viola'),
    (9, 'Alessandro', 'Arancio'),
    (10, 'Valentina', 'Rosa'),
    (11, 'Riccardo', 'Giallo'),
    (12, 'Anna', 'Verde'),
    (13, 'Stefano', 'Celeste'),
    (14, 'Cristina', 'Magenta'),
    (15, 'Roberto', 'Indaco'),
    (16, 'Simona', 'Azzurri'),
    (17, 'Gabriele', 'Lilla'),
    (18, 'Laura', 'Ciano'),
    (19, 'Davide', 'Turchese'),
    (20, 'Silvia', 'Oro'),
    (21, 'Federico', 'Argento'),
    (22, 'Martina', 'Bronzo'),
    (23, 'Andrea', 'Platino'),
    (24, 'Valerio', 'Rame'),
    (25, 'Eleonora', 'Ferro'),
    (26, 'Giacomo', 'Nichel'),
    (27, 'Chiara', 'Cadmio'),
    (28, 'Daniele', 'Zinco'),
    (29, 'Elisa', 'Mercurio'),
    (30, 'Gianluca', 'Piombo'),
    (31, 'Sara', 'Titanio'),
    (32, 'Matteo', 'Vanadio'),
    (33, 'Monica', 'Cromo'),
    (34, 'Massimo', 'Molibdeno'),
    (35, 'Giulia', 'Tungsteno'),
    (36, 'Enrico', 'Renio'),
    (37, 'Cinzia', 'Osmio'),
    (38, 'Alberto', 'Iridio'),
    (39, 'Serena', 'Platino'),
    (40, 'Lorenzo', 'Oro Rosa'),
    (41, 'Vanessa', 'Ununoctio'),
    (42, 'Nicola', 'Ununseptio'),
    (43, 'Eva', 'Ununhexio'),
    (44, 'Fulvio', 'Ununpentio'),
    (45, 'Aurora', 'Ununquadio'),
    (46, 'Romeo', 'Ununtrio'),
    (47, 'Juliet', 'Ununbio'),
    (48, 'Oscar', 'Ununnilio'),
    (49, 'Umberto', 'Unununio'),
    (50, 'Teresa', 'Ununoctio');

INSERT INTO Regista (Codice, Nome, Cognome)
VALUES
    (1, 'Marco', 'Rossi'),
    (2, 'Anna', 'Verdi'),
    (3, 'Luca', 'Bianchi'),
    (4, 'Laura', 'Gialli'),
    (5, 'Giuseppe', 'Neri'),
    (6, 'Federica', 'Blu'),
    (7, 'Simone', 'Marrone'),
    (8, 'Elena', 'Viola'),
    (9, 'Davide', 'Arancio'),
    (10, 'Francesca', 'Rosa'),
    (11, 'Alessandro', 'Giallo'),
    (12, 'Valentina', 'Verde'),
    (13, 'Giovanni', 'Celeste'),
    (14, 'Cristina', 'Magenta'),
    (15, 'Roberto', 'Indaco'),
    (16, 'Serena', 'Azzurri'),
    (17, 'Andrea', 'Lilla'),
    (18, 'Marta', 'Ciano'),
    (19, 'Stefano', 'Turchese'),
    (20, 'Sara', 'Oro'),
    (21, 'Fabio', 'Argento'),
    (22, 'Elisa', 'Bronzo'),
    (23, 'Luigi', 'Platino'),
    (24, 'Antonella', 'Rame'),
    (25, 'Mario', 'Ferro'),
    (26, 'Teresa', 'Nichel'),
    (27, 'Riccardo', 'Cadmio'),
    (28, 'Chiara', 'Zinco'),
    (29, 'Nicola', 'Mercurio'),
    (30, 'Valeria', 'Piombo'),
    (31, 'Giacomo', 'Titanio'),
    (32, 'Monica', 'Vanadio'),
    (33, 'Massimo', 'Cromo'),
    (34, 'Paola', 'Molibdeno'),
    (35, 'Marco', 'Tungsteno'),
    (36, 'Giulia', 'Renio'),
    (37, 'Enrico', 'Osmio'),
    (38, 'Cinzia', 'Iridio'),
    (39, 'Alberto', 'Platino'),
    (40, 'Elisabetta', 'Oro Rosa'),
    (41, 'Giovanna', 'Ununoctio'),
    (42, 'Stefania', 'Ununseptio'),
    (43, 'Pietro', 'Ununhexio'),
    (44, 'Lucia', 'Ununpentio'),
    (45, 'Raffaele', 'Ununquadio'),
    (46, 'Vittoria', 'Ununtrio'),
    (47, 'Michele', 'Ununbio'),
    (48, 'Giorgio', 'Ununnilio'),
    (49, 'Alessandra', 'Unununio'),
    (50, 'Filippo', 'Ununoctio');

INSERT INTO Vincita (Codice, Film, Premio, Data)
VALUES
    (1, 100001, 'Oscar Miglior Film', '2022-01-15'),
    (2, 100002, 'Premio della Giuria', '2022-02-20'),
    (3, 100003, 'Palma d'Oro', '2022-03-10'),
    (4, 100004, 'Golden Globe', '2022-04-05'),
    (5, 100005, 'Premio BAFTA', '2022-05-12'),
    (6, 100006, 'Leone d'Oro', '2022-06-18'),
    (7, 100007, 'Premio César', '2022-07-22'),
    (8, 100008, 'Orso d'Oro', '2022-08-30'),
    (9, 100009, 'Palm Springs International Film Festival Award', '2022-09-09'),
    (10, 100010, 'David di Donatello', '2022-10-14');

INSERT INTO PremiazioneRegista (`Regista`, `Vincita`)
VALUES
    (1, 3),
    (2, 8),
    (3, 5),
    (4, 10),
    (5, 1),
    (6, 6),
    (7, 9),
    (8, 4),
    (9, 2),
    (10, 7);

INSERT INTO PremiazioneAttore (`Attore`, `Vincita`)
VALUES
    (1, 3),
    (2, 8),
    (3, 5),
    (4, 10),
    (5, 1),
    (6, 6),
    (7, 9),
    (8, 4),
    (9, 2),
    (10, 7);

INSERT INTO Premio (`Tipo`, `Valore`)
VALUES
    ('Oscar', 0.9),
    ('Golden Globe', 0.8),
    ('BAFTA', 0.85),
    ('Palma d''oro', 0.95),
    ('Leone d''oro', 0.92),
    ('Coppa Volpi', 0.88),
    ('David di Donatello', 0.87),
    ('César Award', 0.91),
    ('Berlinale Bear', 0.89),
    ('SAG Award', 0.86);

INSERT INTO Premio (`Tipo`, `Valore`)
VALUES
    ('Oscar', 0.9),
    ('Golden Globe', 0.86),
    ('BAFTA', 0.82),
    ('Palma d''oro', 0.78),
    ('Leone d''oro', 0.76),
    ('Coppa Volpi', 0.72),
    ('David di Donatello', 0.68),
    ('César Award', 0.64),
    ('Berlinale Bear', 0.6),
    ('SAG Award', 0.56);

INSERT INTO Critico (`Codice`, `Nome`, `Cognome`)
VALUES
    (1, 'Mario', 'Rossi'),
    (2, 'Laura', 'Bianchi'),
    (3, 'Luca', 'Verdi'),
    (4, 'Paola', 'Neri'),
    (5, 'Giovanni', 'Gialli'),
    (6, 'Francesca', 'Marrone'),
    (7, 'Alberto', 'Azzurro'),
    (8, 'Elena', 'Viola'),
    (9, 'Riccardo', 'Arancio'),
    (10, 'Simona', 'Rosa'),
    (11, 'Marco', 'Magenta'),
    (12, 'Alessia', 'Celeste'),
    (13, 'Davide', 'Blu'),
    (14, 'Federica', 'Indaco'),
    (15, 'Roberto', 'Giallo'),
    (16, 'Giulia', 'Turchese'),
    (17, 'Stefano', 'Fucsia'),
    (18, 'Cristina', 'Ciano'),
    (19, 'Filippo', 'Marrone'),
    (20, 'Chiara', 'Grigio');

INSERT INTO Recensione (`Film`, `Critico`, `Data`, `Valore`)
VALUES
    (1, 1, '2023-01-01', 8),
    (1, 2, '2023-01-02', 4),
    (1, 3, '2023-01-03', 7),
    (2, 4, '2023-01-04', 2),
    (2, 5, '2023-01-05', 9),
    (3, 6, '2023-01-06', 5),
    (3, 7, '2023-01-07', 10),
    (4, 8, '2023-01-08', 3),
    (4, 9, '2023-01-09', 6),
    (5, 10, '2023-01-10', 1),
    (5, 11, '2023-01-11', 8),
    (6, 12, '2023-01-12', 4),
    (6, 13, '2023-01-13', 7),
    (7, 14, '2023-01-14', 2),
    (7, 15, '2023-01-15', 9),
    (8, 16, '2023-01-16', 5),
    (8, 17, '2023-01-17', 10),
    (9, 18, '2023-01-18', 3),
    (9, 19, '2023-01-19', 6),
    (10, 20, '2023-01-20', 1),
    (10, 21, '2023-01-21', 8),
    (11, 22, '2023-01-22', 4),
    (11, 23, '2023-01-23', 7),
    (12, 24, '2023-01-24', 2),
    (12, 25, '2023-01-25', 9);

INSERT INTO Appartenenza (`Film`, `Genere`)
VALUES
    (1, 'Azione'),
    (1, 'Drammatico'),
    (2, 'Commedia'),
    (2, 'Romantico'),
    (3, 'Fantascienza'),
    (3, 'Azione'),
    (4, 'Drammatico'),
    (4, 'Mistero'),
    (5, 'Commedia'),
    (5, 'Azione'),
    (6, 'Fantasy'),
    (6, 'Avventura'),
    (7, 'Horror'),
    (7, 'Thriller'),
    (8, 'Commedia'),
    (8, 'Romantico'),
    (9, 'Azione'),
    (9, 'Fantasy'),
    (10, 'Drammatico'),
    (10, 'Romantico'),
    (11, 'Commedia'),
    (11, 'Fantascienza'),
    (12, 'Thriller'),
    (12, 'Mistero'),
    (13, 'Azione'),
    (13, 'Commedia'),
    (14, 'Fantasy'),
    (14, 'Avventura'),
    (15, 'Drammatico'),
    (15, 'Romantico'),
    (16, 'Horror'),
    (16, 'Thriller'),
    (17, 'Azione'),
    (17, 'Fantascienza'),
    (18, 'Commedia'),
    (18, 'Romantico'),
    (19, 'Fantasy'),
    (19, 'Avventura'),
    (20, 'Horror'),
    (20, 'Thriller'),
    (21, 'Commedia'),
    (21, 'Azione'),
    (22, 'Drammatico'),
    (22, 'Romantico'),
    (23, 'Fantascienza'),
    (23, 'Azione'),
    (24, 'Commedia'),
    (24, 'Mistero'),
    (25, 'Horror'),
    (25, 'Thriller'),
    (26, 'Azione'),
    (26, 'Drammatico'),
    (27, 'Fantasy'),
    (27, 'Avventura'),
    (28, 'Commedia'),
    (28, 'Romantico'),
    (29, 'Azione'),
    (29, 'Fantasy'),
    (30, 'Drammatico'),
    (30, 'Romantico'),
    (31, 'Commedia'),
    (31, 'Fantascienza'),
    (32, 'Thriller'),
    (32, 'Mistero'),
    (33, 'Azione'),
    (33, 'Commedia'),
    (34, 'Fantasy'),
    (34, 'Avventura'),
    (35, 'Drammatico'),
    (35, 'Romantico'),
    (36, 'Horror'),
    (36, 'Thriller'),
    (37, 'Azione'),
    (37, 'Fantascienza'),
    (38, 'Commedia'),
    (38, 'Romantico'),
    (39, 'Fantasy'),
    (39, 'Avventura'),
    (40, 'Horror'),
    (40, 'Thriller'),
    (41, 'Commedia'),
    (41, 'Azione'),
    (42, 'Drammatico'),
    (42, 'Romantico'),
    (43, 'Fantascienza'),
    (43, 'Azione'),
    (44, 'Commedia'),
    (44, 'Mistero'),
    (45, 'Horror'),
    (45, 'Thriller'),
    (46, 'Azione'),
    (46, 'Drammatico'),
    (47, 'Fantasy'),
    (47, 'Avventura'),
    (48, 'Commedia'),
    (48, 'Romantico'),
    (49, 'Azione'),
    (49, 'Fantasy'),
    (50, 'Drammatico'),
    (50, 'Romantico');

INSERT INTO Genere (`Nome`) VALUES
    ('Azione'),
    ('Drammatico'),
    ('Commedia'),
    ('Romantico'),
    ('Fantascienza'),
    ('Fantasy'),
    ('Avventura'),
    ('Mistero'),
    ('Horror'),
    ('Thriller');

-- FILM CODIFICATO

INSERT INTO `FormatoVideo` (`Codice`, `Risoluzione`, `Famiglia`, `AspectRatio`, `DataRilascio`, `Qualita`, `BitRate`)
VALUES
    ('H264_720p', 1280, 'H.264', 1.78, '2022-01-01', 2, 4000),
    ('H265_1080p', 1920, 'H.265', 1.85, '2022-02-15', 3, 6000),
    ('VP9_4K', 3840, 'VP9', 2.39, '2022-03-30', 4, 8000),
    ('AV1_480p', 720, 'AV1', 1.33, '2022-05-10', 1, 2000),
    ('H264_1080p', 1920, 'H.264', 1.78, '2022-06-20', 3, 5000),
    ('H265_4K', 3840, 'H.265', 2.39, '2022-08-05', 4, 7000),
    ('VP9_720p', 1280, 'VP9', 1.85, '2022-09-15', 2, 3000),
    ('AV1_1080p', 1920, 'AV1', 1.78, '2022-11-01', 3, 6000),
    ('H264_4K', 3840, 'H.264', 2.39, '2022-12-20', 4, 8000),
    ('H265_720p', 1280, 'H.265', 1.85, '2023-02-01', 2, 4000);

INSERT INTO `FormatoAudio` (`Codice`, `Famiglia`, `DataRilascio`, `Qualita`, `BitRate`)
VALUES
    ('AAC', 'AAC', '2022-01-01', 2, 192),
    ('MP3', 'MP3', '2022-02-15', 3, 256),
    ('AC3', 'Dolby Digital', '2022-03-30', 4, 384),
    ('FLAC', 'FLAC', '2022-05-10', 1, 96),
    ('DTS', 'DTS', '2022-06-20', 3, 512),
    ('WAV', 'PCM', '2022-08-05', 4, 768),
    ('OGG', 'OGG Vorbis', '2022-09-15', 2, 192),
    ('WMA', 'WMA', '2022-11-01', 3, 256),
    ('APE', 'Monkey's Audio', '2022-12-20', 4, 512),
    ('AIFF', 'AIFF', '2023-02-01', 2, 192);

INSERT INTO `Lingua` (`Nome`)
VALUES
    ('Inglese'),
    ('Mandarino'),
    ('Hindi'),
    ('Spagnolo'),
    ('Francese'),
    ('Arabo'),
    ('Bengalese'),
    ('Russo'),
    ('Portoghese'),
    ('Urdu'),
    ('Indonesiano'),
    ('Tedesco'),
    ('Giapponese'),
    ('Punjabi'),
    ('Telugu'),
    ('Marathi'),
    ('Turco'),
    ('Tamil'),
    ('Vietnamita'),
    ('Coreano'),
    ('Cinese Yue'),
    ('Wu'),
    ('Birmano'),
    ('Olandese'),
    ('Tailandese'),
    ('Yoruba'),
    ('Tagalog'),
    ('Polacco'),
    ('Malayalam'),
    ('Xhosa');

INSERT INTO `Audio` (`Lingua`, `FilmCodificato`)
VALUES
    ('Inglese', 3),
    ('Spagnolo', 15),
    ('Francese', 8),
    ('Cinese', 12),
    ('Giapponese', 1),
    ('Tedesco', 7),
    ('Russo', 23),
    ('Portoghese', 6),
    ('Arabo', 11),
    ('Olandese', 9),
    ('Coreano', 18),
    ('Turco', 14),
    ('Indonesiano', 5),
    ('Vietnamita', 2),
    ('Hindi', 17),
    ('Bengalese', 20),
    ('Tailandese', 10),
    ('Polacco', 4),
    ('Malayalam', 13),
    ('Urdu', 16),
    ('Marathi', 19),
    ('Filippino', 22),
    ('Malese', 25),
    ('Ceco', 21),
    ('Svedese', 24),
    ('Danese', 27),
    ('Norvegese', 30),
    ('Finnico', 28),
    ('Greco', 29),
    ('Ebraico', 26),
    ('Ungherese', 31),
    ('Irlandese', 34),
    ('Italiano', 33),
    ('Lituano', 36),
    ('Lussemburghese', 35),
    ('Maltese', 32),
    ('Norvegese', 39),
    ('Polacco', 38),
    ('Portoghese', 41),
    ('Rumeno', 40),
    ('Slovacco', 43),
    ('Sloveno', 42),
    ('Spagnolo', 45),
    ('Svedese', 44),
    ('Tedesco', 47),
    ('Ungherese', 46),
    ('Inglese', 49),
    ('Francese', 48),
    ('Italiano', 50)
    -- 50
    ('Spagnolo', 6),
    ('Francese', 11),
    ('Cinese', 16),
    ('Tedesco', 21),
    ('Giapponese', 26),
    ('Russo', 31),
    ('Portoghese', 36),
    ('Arabo', 41),
    ('Olandese', 46),
    ('Coreano', 1),
    ('Turco', 6),
    ('Indonesiano', 11),
    ('Vietnamita', 16),
    ('Hindi', 21),
    ('Bengalese', 26),
    ('Tailandese', 31),
    ('Polacco', 36),
    ('Malayalam', 41),
    ('Urdu', 46),
    ('Marathi', 1),
    ('Filippino', 6),
    ('Malese', 11),
    ('Ceco', 16),
    ('Svedese', 21),
    ('Danese', 26),
    ('Norvegese', 31),
    ('Finnico', 36),
    ('Greco', 41),
    ('Ebraico', 46),
    ('Ungherese', 1),
    ('Irlandese', 6),
    ('Italiano', 11),
    ('Lituano', 16),
    ('Lussemburghese', 21),
    ('Maltese', 26),
    ('Norvegese', 31),
    ('Polacco', 36),
    ('Portoghese', 41),
    ('Rumeno', 46),
    ('Slovacco', 1),
    ('Sloveno', 6),
    ('Spagnolo', 11),
    ('Svedese', 16),
    ('Tedesco', 21),
    ('Ungherese', 26),
    ('Inglese', 31),
    ('Francese', 36),
    ('Italiano', 41),
    ('Russo', 46),
    ('Portoghese', 1),
    --100
    ('Arabo', 6),
    ('Olandese', 11),
    ('Coreano', 16),
    ('Turco', 21),
    ('Indonesiano', 26),
    ('Vietnamita', 31),
    ('Hindi', 36),
    ('Bengalese', 41),
    ('Tailandese', 46),
    ('Polacco', 1),
    ('Malayalam', 6),
    ('Urdu', 11),
    ('Marathi', 16),
    ('Filippino', 21),
    ('Malese', 26),
    ('Ceco', 31),
    ('Svedese', 36),
    ('Danese', 41),
    ('Norvegese', 46),
    ('Finnico', 1),
    ('Greco', 6),
    ('Ebraico', 11),
    ('Ungherese', 16),
    ('Irlandese', 21),
    ('Italiano', 26),
    ('Lituano', 31),
    ('Lussemburghese', 36),
    ('Maltese', 41),
    ('Norvegese', 46),
    ('Polacco', 1),
    ('Portoghese', 6),
    ('Rumeno', 11),
    ('Slovacco', 16),
    ('Sloveno', 21),
    ('Spagnolo', 26),
    ('Svedese', 31),
    ('Tedesco', 36),
    ('Ungherese', 41),
    ('Inglese', 46),
    ('Francese', 1),
    ('Italiano', 6),
    ('Russo', 11),
    ('Portoghese', 16),
    ('Arabo', 21),
    ('Olandese', 26),
    ('Coreano', 31),
    ('Turco', 36),
    ('Indonesiano', 41),
    ('Vietnamita', 46),
    ('Hindi', 1);
    --150

INSERT INTO `Sottotitolo` (`Lingua`, `FilmCodificato`)
VALUES
    ('Spagnolo', 6),
    ('Francese', 11),
    ('Cinese', 16),
    ('Tedesco', 21),
    ('Giapponese', 26),
    ('Russo', 31),
    ('Portoghese', 36),
    ('Arabo', 41),
    ('Olandese', 46),
    ('Coreano', 1),
    ('Turco', 6),
    ('Indonesiano', 11),
    ('Vietnamita', 16),
    ('Hindi', 21),
    ('Bengalese', 26),
    ('Tailandese', 31),
    ('Polacco', 36),
    ('Malayalam', 41),
    ('Urdu', 46),
    ('Marathi', 1),
    ('Filippino', 6),
    ('Malese', 11),
    ('Ceco', 16),
    ('Svedese', 21),
    ('Danese', 26),
    ('Norvegese', 31),
    ('Finnico', 36),
    ('Greco', 41),
    ('Ebraico', 46),
    ('Ungherese', 1),
    ('Irlandese', 6),
    ('Italiano', 11),
    ('Lituano', 16),
    ('Lussemburghese', 21),
    ('Maltese', 26),
    ('Norvegese', 31),
    ('Polacco', 36),
    ('Portoghese', 41),
    ('Rumeno', 46),
    ('Slovacco', 1),
    ('Sloveno', 6),
    ('Spagnolo', 11),
    ('Svedese', 16),
    ('Tedesco', 21),
    ('Ungherese', 26),
    ('Inglese', 31),
    ('Francese', 36),
    ('Italiano', 41),
    ('Russo', 46),
    ('Portoghese', 1);
    --50
    ('Giapponese', 6),
    ('Russo', 11),
    ('Portoghese', 16),
    ('Arabo', 21),
    ('Olandese', 26),
    ('Coreano', 31),
    ('Turco', 36),
    ('Indonesiano', 41),
    ('Vietnamita', 46),
    ('Hindi', 1),
    ('Bengalese', 6),
    ('Tailandese', 11),
    ('Polacco', 16),
    ('Malayalam', 21),
    ('Urdu', 26),
    ('Marathi', 31),
    ('Filippino', 36),
    ('Malese', 41),
    ('Ceco', 46),
    ('Svedese', 1),
    ('Danese', 6),
    ('Norvegese', 11),
    ('Finnico', 16),
    ('Greco', 21),
    ('Ebraico', 26),
    ('Ungherese', 31),
    ('Irlandese', 36),
    ('Italiano', 41),
    ('Lituano', 46),
    ('Lussemburghese', 1),
    ('Maltese', 6),
    ('Norvegese', 11),
    ('Polacco', 16),
    ('Portoghese', 21),
    ('Rumeno', 26),
    ('Slovacco', 31),
    ('Sloveno', 36),
    ('Spagnolo', 41),
    ('Svedese', 46),
    ('Tedesco', 1),
    ('Ungherese', 6),
    ('Inglese', 11),
    ('Francese', 16),
    ('Italiano', 21),
    ('Russo', 26),
    ('Portoghese', 31),
    ('Arabo', 36),
    ('Olandese', 41),
    ('Coreano', 46),
    ('Turco', 1),
    ('Indonesiano', 6),
    ('Vietnamita', 11),
    ('Hindi', 16),
    ('Bengalese', 21),
    ('Tailandese', 26),
    ('Polacco', 31),
    ('Malayalam', 36),
    ('Urdu', 41),
    ('Marathi', 46),
    ('Filippino', 1),
    ('Malese', 6),
    ('Ceco', 11),
    ('Svedese', 16),
    ('Danese', 21),
    ('Norvegese', 26),
    ('Finnico', 31),
    ('Greco', 36),
    ('Ebraico', 41),
    ('Ungherese', 46),
    ('Irlandese', 1),
    ('Italiano', 6),
    ('Lituano', 11),
    ('Lussemburghese', 16),
    ('Maltese', 21),
    ('Norvegese', 26),
    ('Polacco', 31),
    ('Portoghese', 36),
    ('Rumeno', 41),
    ('Slovacco', 46),
    ('Sloveno', 1),
    ('Spagnolo', 6),
    ('Svedese', 11),
    ('Tedesco', 16),
    ('Ungherese', 21),
    ('Inglese', 26),
    ('Francese', 31),
    ('Italiano', 36),
    ('Russo', 41),
    ('Portoghese', 46),
    ('Giapponese', 1),
    ('Russo', 6),
    ('Portoghese', 11),
    ('Arabo', 16),
    ('Olandese', 21),
    ('Coreano', 26),
    ('Turco', 31),
    ('Indonesiano', 36),
    ('Vietnamita', 41),
    ('Hindi', 46),
    ('Bengalese', 1),
    ('Tailandese', 6),
    ('Polacco', 11),
    ('Malayalam', 16),
    ('Urdu', 21),
    ('Marathi', 26),
    ('Filippino', 31),
    ('Malese', 36),
    ('Ceco', 41),
    ('Svedese', 46);
    --150

INSERT INTO `Stato` (`Nome`, `Longitudine`, `Latitudine`, `IpInizio`, `IpFine`)
VALUES
    ('Italia', 12.5674, 41.8719, 167772160, 168824319),
    ('Francia', 2.2137, 46.6035, 167824640, 168458751),
    ('Germania', 10.4515, 51.1657, 168034304, 168468991),
    ('Spagna', -3.7492, 40.4637, 167774208, 168468735),
    ('Regno Unito', -3.43597, 55.3781, 167774464, 168468479),
    ('Stati Uniti', -95.7129, 37.0902, 167772160, 168824319),
    ('Canada', -106.3468, 56.1304, 167772160, 168824319),
    ('Australia', 133.7751, -25.2744, 167774208, 168468735),
    ('Brasile', -51.9253, -14.2350, 167774208, 168468735),
    ('Giappone', 138.2529, 36.2048, 167774208, 168468735),
    ('Russia', 105.3188, 61.5240, 167774208, 168468735),
    ('Cina', 104.1954, 35.8617, 167774208, 168468735),
    ('India', 78.9629, 20.5937, 167774208, 168468735),
    ('Sudafrica', 22.9375, -30.5595, 167774208, 168468735),
    ('Messico', -102.5528, 23.6345, 167774208, 168468735),
    ('Argentina', -63.6167, -38.4161, 167774208, 168468735),
    ('Nuova Zelanda', 174.7762, -40.9006, 167774208, 168468735),
    ('Svezia', 18.6435, 60.1282, 168034304, 168468991),
    ('Norvegia', 8.4689, 60.4720, 168034304, 168468991),
    ('Danimarca', 9.5018, 56.2639, 168034304, 168468991),
    ('Portogallo', -8.2245, 39.3999, 167774208, 168468735),
    ('Olanda', 5.2913, 52.1326, 168034304, 168468991),
    ('Belgio', 4.4699, 50.8503, 168034304, 168468991),
    ('Cile', -71.5429, -35.6751, 167774208, 168468735),
    ('Perù', -75.0152, -9.1900, 167774208, 168468735),
    ('Egitto', 30.8025, 26.8206, 167774208, 168468735),
    ('Grecia', 21.8243, 39.0742, 168034304, 168468991),
    ('Israele', 35.2137, 31.0461, 167774208, 168468735),
    ('Sud Corea', 127.7669, 35.9078, 167774208, 168468735),
    ('Turchia', 35.2433, 38.9637, 167774208, 168468735),
    ('Norvegia', 8.4689, 60.4720, 168034304, 168468991),
    ('Danimarca', 9.5018, 56.2639, 168034304, 168468991),
    ('Portogallo', -8.2245, 39.3999, 167774208, 168468735),
    ('Olanda', 5.2913, 52.1326, 168034304, 168468991),
    ('Belgio', 4.4699, 50.8503, 168034304, 168468991),
    ('Cile', -71.5429, -35.6751, 167774208, 168468735),
    ('Perù', -75.0152, -9.1900, 167774208, 168468735),
    ('Egitto', 30.8025, 26.8206, 167774208, 168468735),
    ('Grecia', 21.8243, 39.0742, 168034304, 168468991),
    ('Israele', 35.2137, 31.0461, 167774208, 168468735),
    ('Sud Corea', 127.7669, 35.9078, 167774208, 168468735),
    ('Turchia', 35.2433, 38.9637, 167774208, 168468735),
    ('Svizzera', 8.2275, 46.8182, 168034304, 168468991),
    ('Austria', 14.5501, 47.5162, 168034304, 168468991),
    ('Polonia', 19.1451, 51.9194, 168034304, 168468991),
    ('Repubblica Ceca', 15.4724, 49.8175, 168034304, 168468991),
    ('Slovacchia', 19.6990, 48.6690, 168034304, 168468991),
    ('Ungheria', 19.5033, 47.1625, 168034304, 168468991),
    ('Croazia', 15.2000, 45.1000, 168034304, 168468991),
    ('Slovenia', 14.9955, 46.1512, 168034304, 168468991),
    ('Romania', 24.9668, 45.9432, 168034304, 168468991),
    ('Bulgaria', 25.4858, 42.7339, 168034304, 168468991),
    ('Finlandia', 25.7482, 61.9241, 168034304, 168468991),
    ('Estonia', 25.0136, 58.5953, 168034304, 168468991),
    ('Lettonia', 24.6032, 56.8796, 168034304, 168468991),
    ('Lituania', 23.8813, 55.1694, 168034304, 168468991),
    ('Bielorussia', 27.9534, 53.7098, 168034304, 168468991),
    ('Ucraina', 31.1656, 48.3794, 168034304, 168468991),
    ('Moldova', 28.3699, 47.4116, 168034304, 168468991),
    ('Svizzera', 8.2275, 46.8182, 168034304, 168468991),
    ('Austria', 14.5501, 47.5162, 168034304, 168468991),
    ('Polonia', 19.1451, 51.9194, 168034304, 168468991),
    ('Repubblica Ceca', 15.4724, 49.8175, 168034304, 168468991),
    ('Slovacchia', 19.6990, 48.6690, 168034304, 168468991),
    ('Ungheria', 19.5033, 47.1625, 168034304, 168468991),
    ('Croazia', 15.2000, 45.1000, 168034304, 168468991),
    ('Slovenia', 14.9955, 46.1512, 168034304, 168468991),
    ('Romania', 24.9668, 45.9432, 168034304, 168468991),
    ('Bulgaria', 25.4858, 42.7339, 168034304, 168468991),
    ('Finlandia', 25.7482, 61.9241, 168034304, 168468991),
    ('Estonia', 25.0136, 58.5953, 168034304, 168468991),
    ('Lettonia', 24.6032, 56.8796, 168034304, 168468991);

INSERT INTO `RestrizioneFormato` (`Stato`, `FilmCodificato`)
VALUES
    ('Italia', 1),
    ('Francia', 2),
    ('Germania', 3),
    ('Spagna', 4),
    ('Regno Unito', 5),
    ('Stati Uniti', 6),
    ('Canada', 7),
    ('Australia', 8),
    ('Giappone', 9),
    ('Cina', 10),
    ('Russia', 11),
    ('Brasile', 12),
    ('Argentina', 13),
    ('Sudafrica', 14),
    ('India', 15),
    ('Messico', 16),
    ('Nuova Zelanda', 17),
    ('Svezia', 18),
    ('Norvegia', 19),
    ('Danimarca', 20);

