
INSERT INTO attore (Codice, Nome, Cognome)
VALUES
    (1, 'Mario', 'Rossi'),
    (2, 'Luigi', 'Verdi'),
    (3, 'Giovanna', 'Bianchi'),
    (4, 'Paola', 'Gialli'),
    (5, 'Antonio', 'Neri'),
    (6, 'Francesca', 'Blu'),
    (7, 'Marco', 'Marrone'),
    (8, 'Elena', 'Viola'),
    (9, 'Alessandro', 'Arancio'),
    (10, 'Valentina', 'Rosa'),
    (11, 'Riccardo', 'Giallo'),
    (12, 'Anna', 'Verde'),
    (13, 'Stefano', 'Celeste'),
    (14, 'Cristina', 'Magenta'),
    (15, 'Roberto', 'Indaco'),
    (16, 'Simona', 'Azzurri'),
    (17, 'Gabriele', 'Lilla'),
    (18, 'Laura', 'Ciano'),
    (19, 'Davide', 'Turchese'),
    (20, 'Silvia', 'Oro'),
    (21, 'Federico', 'Argento'),
    (22, 'Martina', 'Bronzo'),
    (23, 'Andrea', 'Platino'),
    (24, 'Valerio', 'Rame'),
    (25, 'Eleonora', 'Ferro'),
    (26, 'Giacomo', 'Nichel'),
    (27, 'Chiara', 'Cadmio'),
    (28, 'Daniele', 'Zinco'),
    (29, 'Elisa', 'Mercurio'),
    (30, 'Gianluca', 'Piombo'),
    (31, 'Sara', 'Titanio'),
    (32, 'Matteo', 'Vanadio'),
    (33, 'Monica', 'Cromo'),
    (34, 'Massimo', 'Molibdeno'),
    (35, 'Giulia', 'Tungsteno'),
    (36, 'Enrico', 'Renio'),
    (37, 'Cinzia', 'Osmio'),
    (38, 'Alberto', 'Iridio'),
    (39, 'Serena', 'Platino'),
    (40, 'Lorenzo', 'Oro Rosa'),
    (41, 'Vanessa', 'Ununoctio'),
    (42, 'Nicola', 'Ununseptio'),
    (43, 'Eva', 'Ununhexio'),
    (44, 'Fulvio', 'Ununpentio'),
    (45, 'Aurora', 'Ununquadio'),
    (46, 'Romeo', 'Ununtrio'),
    (47, 'Juliet', 'Ununbio'),
    (48, 'Oscar', 'Ununnilio'),
    (49, 'Umberto', 'Unununio'),
    (50, 'Teresa', 'Ununoctio');

INSERT INTO Regista (Codice, Nome, Cognome)
VALUES
    (1, 'Marco', 'Rossi'),
    (2, 'Anna', 'Verdi'),
    (3, 'Luca', 'Bianchi'),
    (4, 'Laura', 'Gialli'),
    (5, 'Giuseppe', 'Neri'),
    (6, 'Federica', 'Blu'),
    (7, 'Simone', 'Marrone'),
    (8, 'Elena', 'Viola'),
    (9, 'Davide', 'Arancio'),
    (10, 'Francesca', 'Rosa'),
    (11, 'Alessandro', 'Giallo'),
    (12, 'Valentina', 'Verde'),
    (13, 'Giovanni', 'Celeste'),
    (14, 'Cristina', 'Magenta'),
    (15, 'Roberto', 'Indaco'),
    (16, 'Serena', 'Azzurri'),
    (17, 'Andrea', 'Lilla'),
    (18, 'Marta', 'Ciano'),
    (19, 'Stefano', 'Turchese'),
    (20, 'Sara', 'Oro'),
    (21, 'Fabio', 'Argento'),
    (22, 'Elisa', 'Bronzo'),
    (23, 'Luigi', 'Platino'),
    (24, 'Antonella', 'Rame'),
    (25, 'Mario', 'Ferro'),
    (26, 'Teresa', 'Nichel'),
    (27, 'Riccardo', 'Cadmio'),
    (28, 'Chiara', 'Zinco'),
    (29, 'Nicola', 'Mercurio'),
    (30, 'Valeria', 'Piombo'),
    (31, 'Giacomo', 'Titanio'),
    (32, 'Monica', 'Vanadio'),
    (33, 'Massimo', 'Cromo'),
    (34, 'Paola', 'Molibdeno'),
    (35, 'Marco', 'Tungsteno'),
    (36, 'Giulia', 'Renio'),
    (37, 'Enrico', 'Osmio'),
    (38, 'Cinzia', 'Iridio'),
    (39, 'Alberto', 'Platino'),
    (40, 'Elisabetta', 'Oro Rosa'),
    (41, 'Giovanna', 'Ununoctio'),
    (42, 'Stefania', 'Ununseptio'),
    (43, 'Pietro', 'Ununhexio'),
    (44, 'Lucia', 'Ununpentio'),
    (45, 'Raffaele', 'Ununquadio'),
    (46, 'Vittoria', 'Ununtrio'),
    (47, 'Michele', 'Ununbio'),
    (48, 'Giorgio', 'Ununnilio'),
    (49, 'Alessandra', 'Unununio'),
    (50, 'Filippo', 'Ununoctio');





INSERT INTO Film (Codice, Titolo, Descrizione, Durata, AnnoProduzione, Regista, PaeseDiProduzione)
VALUES
    (1, 'Il Segreto della Collina', 'Una avventura mozzafiato in una terra lontana...', 120, 2022, 1, 'Italia'),
    (2, 'LUltimo Viaggio', 'Un viaggio interstellare alla ricerca di nuove frontiere...', 150, 2023, 2, 'USA'),
    (3, 'Sogni Infranti', 'Una storia commovente di perdita e rinascita...', 110, 2021, 3, 'Francia'),
    (4, 'La Isola dei Misteri', 'Una isola remota con segreti inimmaginabili...', 135, 2023, 4, 'Regno Unito'),
    (5, 'Risveglio', 'Un thriller psicologico che terrà il pubblico con il fiato sospeso...', 125, 2022, 5, 'Germania'),
    (6, 'Il Giardino delle Meraviglie', 'Una favola moderna ambientata in un mondo fantastico...', 140, 2023, 6, 'Italia'),
    (7, 'Caccia allIntruso', 'Una indagine criminale avvincente con colpi di scena...', 115, 2021, 7, 'USA'),
    (8, 'In Viaggio con Te', 'Una commedia romantica che farà sorridere il cuore...', 105, 1980, 8, 'Francia'),
    (9, 'L Ultimo Re', 'Un epico racconto di regni in lotta per la supremazia...', 160, 1999, 9, 'Regno Unito'),
    (10, 'Oltre l Orizzonte', 'Una avventura spaziale alla ricerca di mondi sconosciuti...', 130, 2023, 10, 'Germania'),
    (11, 'Il Segreto del Deserto', 'Una avventura epica tra le dune e i misteri sabbiosi...', 160, 2021, 11, 'Egitto'),
    (12, 'L Ultimo Sogno', 'Un dramma emozionante che tocca le corde dell anima...', 110, 1998, 12, 'Argentina'),
    (13, 'Il Viaggio nel Tempo', 'Una avventura scientifica attraverso portali dimensionali...', 135, 2022, 13, 'USA'),
    (14, 'La Collina dei Ricordi', 'Una commedia dolce che rievoca i bei momenti del passato...', 125, 2023, 14, 'Italia'),
    (15, 'Il Segreto del Vecchio Mulino', 'Un giallo ambientato in un antico mulino abbandonato...', 120, 2021, 15, 'Francia'),
    (16, 'L Ultimo Cielo', 'Una storia di amore che sfida il destino sotto il cielo stellato...', 140, 1950, 16, 'USA'),
    (17, 'Il Regno d Inverno', 'Una favola invernale con paesaggi incantati...', 115, 2022, 17, 'Norvegia'),
    (18, 'La Magia dei Colori', 'Un viaggio artistico attraverso paesaggi cromatici...', 130, 2023, 18, 'Italia'),
    (19, 'Oltre la Realtà', 'Un thriller psicologico che mette alla prova la percezione della realtà...', 125, 2021, 19, 'USA'),
    (20, 'Il Mistero della Baia', 'Un giallo avvincente tra le onde di una baia misteriosa...', 135, 2022, 20, 'Australia'),
    (21, 'La Foresta Incantata', 'Una avventura magica tra creature fantastiche...', 145, 2023, 21, 'Italia'),
    (22, 'Il Segreto del Deserto', 'Una avventura epica tra le dune e i misteri sabbiosi...', 160, 2021, 22, 'Egitto'),
    (23, 'Ultimo Sogno', 'Un dramma emozionante che tocca le corde della anima...', 110, 2001, 23, 'Argentina'),
    (24, 'Il Viaggio nel Tempo', 'Una avventura scientifica attraverso portali dimensionali...', 135, 2022, 24, 'USA'),
    (25, 'La Collina dei Ricordi', 'Una commedia dolce che rievoca i bei momenti del passato...', 125, 2023, 25, 'Italia'),
    (26, 'Il Segreto del Vecchio Mulino', 'Un giallo ambientato in un antico mulino abbandonato...', 120, 2021, 26, 'Francia'),
    (27, 'Ultimo Cielo', 'Una storia di amore che sfida il destino sotto il cielo stellato...', 140, 1980, 27, 'USA'),
    (28, 'Il Regno di Inverno', 'Una favola invernale con paesaggi incantati...', 115, 2022, 28, 'Norvegia'),
    (29, 'La Magia dei Colori', 'Un viaggio artistico attraverso paesaggi cromatici...', 130, 2023, 29, 'Italia'),
    (30, 'Oltre la Realtà', 'Un thriller psicologico che mette alla prova la percezione della realtà...', 125, 2021, 30, 'USA'),
    (31, 'Il Mistero del Lago', 'Un giallo ambientato sulle rive di un lago misterioso...', 125, 2021, 31, 'Canada'),
    (32, 'Ritorno al Passato', 'Un viaggio nel tempo alla ricerca delle radici...', 120, 2023, 32, 'USA'),
    (33, 'La Foresta Nera', 'Una avventura tra i segreti della foresta oscura...', 140, 2022, 33, 'Germania'),
    (34, 'La Città Perduta', 'Una indagine archeologica nelle rovine di una antica civiltà...', 150, 2000, 34, 'Grecia'),
    (35, 'Il Gioco della Mente', 'Un thriller psicologico che sfida la percezione della realtà...', 130, 2021, 35, 'Italia'),
    (36, 'La Leggenda del Drago', 'Una epica avventura in cerca di un mitico drago...', 155, 2023, 36, 'Cina'),
    (37, 'Ultima Frontiera', 'Una esplorazione nel deserto ghiacciato del Polo Nord...', 110, 2021, 37, 'Canada'),
    (38, 'Il Segreto delle Stelle', 'Una avventura cosmica alla scoperta dei segreti celesti...', 145, 2023, 38, 'USA'),
    (39, 'La Via della Speranza', 'Un dramma toccante sulla forza interiore dell essere umano...', 120, 2022, 39, 'Italia'),
    (40, 'Il Regno dei Sogni', 'Una fiaba magica che si svolge nel mondo dei sogni...', 138, 2003, 40, 'Regno Unito'),
    (41, 'Enigma dell Oracolo', 'Un mistero antico da risolvere attraverso profezie enigmatiche...', 135, 2023, 41, 'Grecia'),
    (42, 'La Magia del Circo', 'Un avventura nel mondo incantato del circo...', 120, 2022, 42, 'Francia'),
    (43, 'Il Segreto dell Isola Nascosta', 'Una scoperta sorprendente sulla isola misteriosa...', 145, 1975, 43, 'Australia'),
    (44, 'Il Viaggio della Vita', 'Un percorso emozionante attraverso le sfide della vita...', 130, 2021, 44, 'USA'),
    (45, 'La Casa dei Segreti', 'Un thriller psicologico ambientato in una casa misteriosa...', 140, 2023, 45, 'Italia'),
    (46, 'Il Destino di una Era', 'Un epico racconto di amori e tradimenti nella antica Roma...', 160, 2022, 46, 'Italia'),
    (47, 'La Sinfonia del Tempo', 'Un viaggio musicale attraverso le epoche storiche...', 125, 1999, 47, 'Austria'),
    (48, 'Il Segreto del Monte', 'Una avventura in alta quota alla ricerca di un tesoro nascosto...', 150, 2021, 48, 'Svizzera'),
    (49, 'La Città degli Angeli', 'Un dramma romantico ambientato nelle strade di Parigi...', 110, 2023, 49, 'Francia'),
    (50, 'Il Mondo Sotto', 'Una avventura subacquea tra creature marine e segreti degli abissi...', 155, 2022, 50, 'Giappone');
    
    
    
INSERT INTO Partecipazione (Film, Attore)
VALUES
    (1, 20),
    (1, 10),
    (2, 5),
    (2, 35),
    (3, 48),
    (3, 16),
    (4, 41),
    (4, 6),
    (5, 12),
    (5, 22),
    (6, 33),
    (6, 2),
    (7, 17),
    (7, 28),
    (8, 43),
    (8, 15),
    (9, 19),
    (9, 49),
    (10, 9),
    (10, 37),
    (11, 26),
    (11, 44),
    (12, 1),
    (12, 30),
    (13, 50),
    (13, 11),
    (14, 27),
    (14, 8),
    (15, 3),
    (15, 29),
    (16, 40),
    (16, 21),
    (17, 32),
    (17, 23),
    (18, 47),
    (18, 14),
    (19, 36),
    (19, 7),
    (20, 46),
    (20, 18),
    (21, 25),
    (21, 42),
    (22, 38),
    (22, 4),
    (23, 13),
    (23, 24),
    (24, 31),
    (24, 45),
    (25, 39),
    (25, 34);
    
INSERT INTO Vincita (Codice, Film, Premio, Data)
VALUES
    (1, 100001, 'Oscar Miglior Film', '2022-01-15'),
    (2, 100002, 'Premio della Giuria', '2022-02-20'),
    (3, 100003, 'Palma d\'Oro', '2022-03-10'),
    (4, 100004, 'Golden Globe', '2022-04-05'),
    (5, 100005, 'Premio BAFTA', '2022-05-12'),
    (6, 100006, 'Leone d\'Oro', '2022-06-18'),
    (7, 100007, 'Premio César', '2022-07-22'),
    (8, 100008, 'Orso d\'Oro', '2022-08-30'),
    (9, 100009, 'Palm Springs International Film Festival Award', '2022-09-09'),
    (10, 100010, 'David di Donatello', '2022-10-14');

INSERT INTO PremiazioneRegista (`Regista`, `Vincita`)
VALUES
    (1, 3),
    (2, 8),
    (3, 5),
    (4, 10),
    (5, 1),
    (6, 6),
    (7, 9),
    (8, 4),
    (9, 2),
    (10, 7);

INSERT INTO PremiazioneAttore (`Attore`, `Vincita`)
VALUES
    (1, 3),
    (2, 8),
    (3, 5),
    (4, 10),
    (5, 1),
    (6, 6),
    (7, 9),
    (8, 4),
    (9, 2),
    (10, 7);

INSERT INTO Premio (`Tipo`, `Valore`)
VALUES
    ('Oscar', 0.9),
    ('Golden Globe', 0.8),
    ('BAFTA', 0.85),
    ('Palma d\'oro', 0.95),
    ('Leone d\'oro', 0.92),
    ('Coppa Volpi', 0.88),
    ('David di Donatello', 0.87),
    ('César Award', 0.91),
    ('Berlinale Bear', 0.89),
    ('SAG Award', 0.86);

INSERT INTO Critico (`Codice`, `Nome`, `Cognome`)
VALUES
    (1, 'Mario', 'Rossi'),
    (2, 'Laura', 'Bianchi'),
    (3, 'Luca', 'Verdi'),
    (4, 'Paola', 'Neri'),
    (5, 'Giovanni', 'Gialli'),
    (6, 'Francesca', 'Marrone'),
    (7, 'Alberto', 'Azzurro'),
    (8, 'Elena', 'Viola'),
    (9, 'Riccardo', 'Arancio'),
    (10, 'Simona', 'Rosa'),
    (11, 'Marco', 'Magenta'),
    (12, 'Alessia', 'Celeste'),
    (13, 'Davide', 'Blu'),
    (14, 'Federica', 'Indaco'),
    (15, 'Roberto', 'Giallo'),
    (16, 'Giulia', 'Turchese'),
    (17, 'Stefano', 'Fucsia'),
    (18, 'Cristina', 'Ciano'),
    (19, 'Filippo', 'Marrone'),
    (20, 'Chiara', 'Grigio');

INSERT INTO Recensione (`Film`, `Critico`, `Data`, `Valore`)
VALUES
    (1, 1, '2023-01-01', 8),
    (1, 2, '2023-01-02', 4),
    (1, 3, '2023-01-03', 7),
    (2, 4, '2023-01-04', 2),
    (2, 5, '2023-01-05', 9),
    (3, 6, '2023-01-06', 5),
    (3, 7, '2023-01-07', 10),
    (4, 8, '2023-01-08', 3),
    (4, 9, '2023-01-09', 6),
    (5, 10, '2023-01-10', 1),
    (5, 11, '2023-01-11', 8),
    (6, 12, '2023-01-12', 4),
    (6, 13, '2023-01-13', 7),
    (7, 14, '2023-01-14', 2),
    (7, 15, '2023-01-15', 9),
    (8, 16, '2023-01-16', 5),
    (8, 17, '2023-01-17', 10),
    (9, 18, '2023-01-18', 3),
    (9, 19, '2023-01-19', 6),
    (10, 20, '2023-01-20', 1),
    (10, 21, '2023-01-21', 8),
    (11, 22, '2023-01-22', 4),
    (11, 23, '2023-01-23', 7),
    (12, 24, '2023-01-24', 2),
    (12, 25, '2023-01-25', 9);

INSERT INTO Appartenenza (`Film`, `Genere`)
VALUES
    (1, 'Azione'),
    (1, 'Drammatico'),
    (2, 'Commedia'),
    (2, 'Romantico'),
    (3, 'Fantascienza'),
    (3, 'Azione'),
    (4, 'Drammatico'),
    (4, 'Mistero'),
    (5, 'Commedia'),
    (5, 'Azione'),
    (6, 'Fantasy'),
    (6, 'Avventura'),
    (7, 'Horror'),
    (7, 'Thriller'),
    (8, 'Commedia'),
    (8, 'Romantico'),
    (9, 'Azione'),
    (9, 'Fantasy'),
    (10, 'Drammatico'),
    (10, 'Romantico'),
    (11, 'Commedia'),
    (11, 'Fantascienza'),
    (12, 'Thriller'),
    (12, 'Mistero'),
    (13, 'Azione'),
    (13, 'Commedia'),
    (14, 'Fantasy'),
    (14, 'Avventura'),
    (15, 'Drammatico'),
    (15, 'Romantico'),
    (16, 'Horror'),
    (16, 'Thriller'),
    (17, 'Azione'),
    (17, 'Fantascienza'),
    (18, 'Commedia'),
    (18, 'Romantico'),
    (19, 'Fantasy'),
    (19, 'Avventura'),
    (20, 'Horror'),
    (20, 'Thriller'),
    (21, 'Commedia'),
    (21, 'Azione'),
    (22, 'Drammatico'),
    (22, 'Romantico'),
    (23, 'Fantascienza'),
    (23, 'Azione'),
    (24, 'Commedia'),
    (24, 'Mistero'),
    (25, 'Horror'),
    (25, 'Thriller'),
    (26, 'Azione'),
    (26, 'Drammatico'),
    (27, 'Fantasy'),
    (27, 'Avventura'),
    (28, 'Commedia'),
    (28, 'Romantico'),
    (29, 'Azione'),
    (29, 'Fantasy'),
    (30, 'Drammatico'),
    (30, 'Romantico'),
    (31, 'Commedia'),
    (31, 'Fantascienza'),
    (32, 'Thriller'),
    (32, 'Mistero'),
    (33, 'Azione'),
    (33, 'Commedia'),
    (34, 'Fantasy'),
    (34, 'Avventura'),
    (35, 'Drammatico'),
    (35, 'Romantico'),
    (36, 'Horror'),
    (36, 'Thriller'),
    (37, 'Azione'),
    (37, 'Fantascienza'),
    (38, 'Commedia'),
    (38, 'Romantico'),
    (39, 'Fantasy'),
    (39, 'Avventura'),
    (40, 'Horror'),
    (40, 'Thriller'),
    (41, 'Commedia'),
    (41, 'Azione'),
    (42, 'Drammatico'),
    (42, 'Romantico'),
    (43, 'Fantascienza'),
    (43, 'Azione'),
    (44, 'Commedia'),
    (44, 'Mistero'),
    (45, 'Horror'),
    (45, 'Thriller'),
    (46, 'Azione'),
    (46, 'Drammatico'),
    (47, 'Fantasy'),
    (47, 'Avventura'),
    (48, 'Commedia'),
    (48, 'Romantico'),
    (49, 'Azione'),
    (49, 'Fantasy'),
    (50, 'Drammatico'),
    (50, 'Romantico');

INSERT INTO Genere (`Nome`) VALUES
    ('Azione'),
    ('Drammatico'),
    ('Commedia'),
    ('Romantico'),
    ('Fantascienza'),
    ('Fantasy'),
    ('Avventura'),
    ('Mistero'),
    ('Horror'),
    ('Thriller');

-- FILM CODIFICATO

INSERT INTO `FormatoVideo` (`Codice`, `Risoluzione`, `Famiglia`, `AspectRatio`, `DataRilascio`, `Qualita`, `BitRate`)
VALUES
    ('H264_720p', 1280, 'H.264', 1.78, '2022-01-01', 2, 4000),
    ('H265_1080p', 1920, 'H.265', 1.85, '2022-02-15', 3, 6000),
    ('VP9_4K', 3840, 'VP9', 2.39, '2022-03-30', 4, 8000),
    ('AV1_480p', 720, 'AV1', 1.33, '2022-05-10', 1, 2000),
    ('H264_1080p', 1920, 'H.264', 1.78, '2022-06-20', 3, 5000),
    ('H265_4K', 3840, 'H.265', 2.39, '2022-08-05', 4, 7000),
    ('VP9_720p', 1280, 'VP9', 1.85, '2022-09-15', 2, 3000),
    ('AV1_1080p', 1920, 'AV1', 1.78, '2022-11-01', 3, 6000),
    ('H264_4K', 3840, 'H.264', 2.39, '2022-12-20', 4, 8000),
    ('H265_720p', 1280, 'H.265', 1.85, '2023-02-01', 2, 4000);

INSERT INTO `FormatoAudio` (`Codice`, `Famiglia`, `DataRilascio`, `Qualita`, `BitRate`)
VALUES
    ('AAC', 'AAC', '2022-01-01', 2, 192),
    ('MP3', 'MP3', '2022-02-15', 3, 256),
    ('AC3', 'Dolby Digital', '2022-03-30', 4, 384),
    ('FLAC', 'FLAC', '2022-05-10', 1, 96),
    ('DTS', 'DTS', '2022-06-20', 3, 512),
    ('WAV', 'PCM', '2022-08-05', 4, 768),
    ('OGG', 'OGG Vorbis', '2022-09-15', 2, 192),
    ('WMA', 'WMA', '2022-11-01', 3, 256),
    ('APE', 'Monkey\'s Audio', '2022-12-20', 4, 512),
    ('AIFF', 'AIFF', '2023-02-01', 2, 192);

INSERT INTO `Lingua` (`Nome`)
VALUES
    ('Inglese'),
    ('Mandarino'),
    ('Hindi'),
    ('Spagnolo'),
    ('Francese'),
    ('Arabo'),
    ('Bengalese'),
    ('Russo'),
    ('Portoghese'),
    ('Urdu'),
    ('Indonesiano'),
    ('Tedesco'),
    ('Giapponese'),
    ('Punjabi'),
    ('Telugu'),
    ('Marathi'),
    ('Turco'),
    ('Tamil'),
    ('Vietnamita'),
    ('Coreano'),
    ('Cinese Yue'),
    ('Wu'),
    ('Birmano'),
    ('Olandese'),
    ('Tailandese'),
    ('Yoruba'),
    ('Tagalog'),
    ('Polacco'),
    ('Malayalam'),
    ('Xhosa');

INSERT INTO `Audio` (`Lingua`, `FilmCodificato`)
VALUES
    ('Inglese', 3),
    ('Spagnolo', 15),
    ('Francese', 8),
    ('Cinese', 12),
    ('Giapponese', 1),
    ('Tedesco', 7),
    ('Russo', 23),
    ('Portoghese', 6),
    ('Arabo', 11),
    ('Olandese', 9),
    ('Coreano', 18),
    ('Turco', 14),
    ('Indonesiano', 5),
    ('Vietnamita', 2),
    ('Hindi', 17),
    ('Bengalese', 20),
    ('Tailandese', 10),
    ('Polacco', 4),
    ('Malayalam', 13),
    ('Urdu', 16),
    ('Marathi', 19),
    ('Filippino', 22),
    ('Malese', 25),
    ('Ceco', 21),
    ('Svedese', 24),
    ('Danese', 27),
    ('Norvegese', 30),
    ('Finnico', 28),
    ('Greco', 29),
    ('Ebraico', 26),
    ('Ungherese', 31),
    ('Irlandese', 34),
    ('Italiano', 33),
    ('Lituano', 36),
    ('Lussemburghese', 35),
    ('Maltese', 32),
    ('Norvegese', 39),
    ('Polacco', 38),
    ('Portoghese', 41),
    ('Rumeno', 40),
    ('Slovacco', 43),
    ('Sloveno', 42),
    ('Spagnolo', 45),
    ('Svedese', 44),
    ('Tedesco', 47),
    ('Ungherese', 46),
    ('Inglese', 49),
    ('Francese', 48),
    ('Italiano', 50),
    -- 50
    ('Spagnolo', 6),
    ('Francese', 11),
    ('Cinese', 16),
    ('Tedesco', 21),
    ('Giapponese', 26),
    ('Russo', 31),
    ('Portoghese', 36),
    ('Arabo', 41),
    ('Olandese', 46),
    ('Coreano', 1),
    ('Turco', 6),
    ('Indonesiano', 11),
    ('Vietnamita', 16),
    ('Hindi', 21),
    ('Bengalese', 26),
    ('Tailandese', 31),
    ('Polacco', 36),
    ('Malayalam', 41),
    ('Urdu', 46),
    ('Marathi', 1),
    ('Filippino', 6),
    ('Malese', 11),
    ('Ceco', 16),
    ('Svedese', 21),
    ('Danese', 26),
    ('Finnico', 36),
    ('Greco', 41),
    ('Ebraico', 46),
    ('Ungherese', 1),
    ('Irlandese', 6),
    ('Italiano', 11),
    ('Lituano', 16),
    ('Lussemburghese', 21),
    ('Maltese', 26),
    ('Rumeno', 46),
    ('Slovacco', 1),
    ('Sloveno', 6),
    ('Spagnolo', 11),
    ('Svedese', 16),
    ('Ungherese', 26),
    ('Inglese', 31),
    ('Francese', 36),
    ('Italiano', 41),
    ('Russo', 46),
    ('Portoghese', 1),
    -- 100
    ('Arabo', 6),
    ('Olandese', 11),
    ('Coreano', 16),
    ('Turco', 21),
    ('Indonesiano', 26),
    ('Vietnamita', 31),
    ('Hindi', 36),
    ('Bengalese', 41),
    ('Tailandese', 46),
    ('Malayalam', 6),
    ('Urdu', 11),
    ('Marathi', 16),
    ('Filippino', 21),
    ('Malese', 26),
    ('Ceco', 31),
    ('Svedese', 36),
    ('Danese', 41),
    ('Finnico', 1),
    ('Greco', 6),
    ('Ebraico', 11),
    ('Ungherese', 16),
    ('Irlandese', 21),
    ('Italiano', 26),
    ('Lituano', 31),
    ('Lussemburghese', 36),
    ('Maltese', 41),
    ('Norvegese', 46),
    ('Polacco', 1),
    ('Rumeno', 11),
    ('Slovacco', 16),
    ('Sloveno', 21),
    ('Spagnolo', 26),
    ('Svedese', 31),
    ('Tedesco', 36),
    ('Ungherese', 41),
    ('Inglese', 46),
    ('Francese', 1),
    ('Italiano', 6),
    ('Russo', 11),
    ('Portoghese', 16),
    ('Arabo', 21),
    ('Olandese', 26),
    ('Coreano', 31),
    ('Turco', 36),
    ('Indonesiano', 41),
    ('Vietnamita', 46),
    ('Hindi', 1);
    -- 150

INSERT INTO `Sottotitolo` (`Lingua`, `FilmCodificato`)
VALUES
    ('Spagnolo', 6),
    ('Francese', 11),
    ('Cinese', 16),
    ('Tedesco', 21),
    ('Giapponese', 26),
    ('Russo', 31),
    ('Arabo', 41),
    ('Olandese', 46),
    ('Coreano', 1),
    ('Turco', 6),
    ('Indonesiano', 11),
    ('Vietnamita', 16),
    ('Hindi', 21),
    ('Bengalese', 26),
    ('Tailandese', 31),
    ('Polacco', 36),
    ('Malayalam', 41),
    ('Urdu', 46),
    ('Marathi', 1),
    ('Filippino', 6),
    ('Malese', 11),
    ('Ceco', 16),
    ('Svedese', 21),
    ('Danese', 26),
    ('Finnico', 36),
    ('Greco', 41),
    ('Ebraico', 46),
    ('Ungherese', 1),
    ('Irlandese', 6),
    ('Italiano', 11),
    ('Lituano', 16),
    ('Lussemburghese', 21),
    ('Maltese', 26),
    ('Norvegese', 31),
    ('Portoghese', 41),
    ('Rumeno', 46),
    ('Slovacco', 1),
    ('Sloveno', 6),
    ('Spagnolo', 11),
    ('Ungherese', 26),
    ('Inglese', 31),
    ('Francese', 36),
    ('Russo', 46),
    ('Portoghese', 1), 
    -- 50
    ('Giapponese', 6),
    ('Russo', 11),
    ('Portoghese', 16),
    ('Arabo', 21),
    ('Olandese', 26),
    ('Coreano', 31),
    ('Turco', 36),
    ('Indonesiano', 41),
    ('Vietnamita', 46),
    ('Hindi', 1),
    ('Bengalese', 6),
    ('Tailandese', 11),
    ('Polacco', 16),
    ('Malayalam', 21),
    ('Urdu', 26),
    ('Marathi', 31),
    ('Filippino', 36),
    ('Malese', 41),
    ('Ceco', 46),
    ('Svedese', 1),
    ('Danese', 6),
    ('Finnico', 16),
    ('Greco', 21),
    ('Ebraico', 26),
    ('Ungherese', 31),
    ('Irlandese', 36),
    ('Italiano', 41),
    ('Lituano', 46),
    ('Lussemburghese', 1),
    ('Maltese', 6),
    ('Norvegese', 11),
    ('Portoghese', 21),
    ('Rumeno', 26),
    ('Slovacco', 31),
    ('Sloveno', 36),
    ('Spagnolo', 41),
    ('Svedese', 46),
    ('Tedesco', 1),
    ('Ungherese', 6),
    ('Inglese', 11),
    ('Francese', 16),
    ('Italiano', 21),
    ('Russo', 26),
    ('Portoghese', 31),
    ('Arabo', 36),
    ('Olandese', 41),
    ('Coreano', 46),
    ('Turco', 1),
    ('Indonesiano', 6),
    ('Vietnamita', 11),
    ('Hindi', 16),
    ('Bengalese', 21),
    ('Tailandese', 26),
    ('Polacco', 31),
    ('Malayalam', 36),
    ('Urdu', 41),
    ('Marathi', 46),
    ('Filippino', 1),
    ('Malese', 6),
    ('Ceco', 11),
    ('Svedese', 16),
    ('Danese', 21),
  
    ('Finnico', 31),
    ('Greco', 36),
    ('Ebraico', 41),
    ('Ungherese', 46),
    ('Irlandese', 1),
    ('Italiano', 6),
    ('Lituano', 11),
    ('Lussemburghese', 16),
    ('Maltese', 21),
    ('Norvegese', 26),
    ('Portoghese', 36),
    ('Rumeno', 41),
    ('Slovacco', 46),
    ('Sloveno', 1),
   
    ('Svedese', 11),
    ('Tedesco', 16),
    ('Ungherese', 21),
    ('Inglese', 26),
    ('Francese', 31),
    ('Italiano', 36),
    ('Russo', 41),
    ('Portoghese', 46),
    ('Giapponese', 1),
    ('Russo', 6),
    ('Portoghese', 11),
    ('Arabo', 16),
    ('Olandese', 21),
    ('Coreano', 26),
    ('Turco', 31),
    ('Indonesiano', 36),
    ('Vietnamita', 41),
    ('Hindi', 46),
    ('Bengalese', 1),
    ('Tailandese', 6),
    ('Polacco', 11),
    ('Malayalam', 16),
    ('Urdu', 21),
    ('Marathi', 26),
    ('Filippino', 31),
    ('Malese', 36),
    ('Ceco', 41);
    -- 150

INSERT INTO `Stato` (`Nome`, `Longitudine`, `Latitudine`, `IpInizio`, `IpFine`)
VALUES
      ('Italia', 12.5674, 41.8719, 100000000, 105000000),
      ('Francia', 2.2137, 46.6035, 105000001, 110000000),
    ('Germania', 10.4515, 51.1657, 110000001, 115000000),
      ('Spagna', -3.7492, 40.4637, 115000001, 120000000),
('Regno Unito', -3.43597, 55.3781, 120000001, 125000000),
        ('USA', -95.7129, 37.0902, 125000001, 130000000),
    ('Canada', -106.3468, 56.1304, 130000001, 135000000),
 ('Australia', 133.7751, -25.2744, 135000001, 140000000),
   ('Brasile', -51.9253, -14.2350, 140000001, 145000000),
   ('Giappone', 138.2529, 36.2048, 145000001, 150000000),
	 ('Russia', 105.3188, 61.5240, 150000001, 155000000),
       ('Cina', 104.1954, 35.8617, 155000001, 160000000),
	   ('India', 78.9629, 20.5937, 160000001, 165000000),
  ('Sudafrica', 22.9375, -30.5595, 165000001, 170000000),
   ('Messico', -102.5528, 23.6345, 170000001, 175000000),
 ('Argentina', -63.6167, -38.4161, 175000001, 180000000),
 ('Nuova Zelanda', 174.7762, -40.9006, 180000001, 185000000),
          ('Svezia', 18.6435, 60.1282, 185000001, 190000000),
         ('Norvegia', 8.4689, 60.4720, 190000001, 195000000),
        ('Danimarca', 9.5018, 56.2639, 195000001, 200000000),
      ('Portogallo', -8.2245, 39.3999, 200000001, 205000000),
           ('Olanda', 5.2913, 52.1326, 205000001, 210000000),
           ('Belgio', 4.4699, 50.8503, 210000001, 215000000),
          ('Cile', -71.5429, -35.6751, 215000001, 220000000),
           ('Perù', -75.0152, -9.1900, 220000001, 225000000),
          ('Egitto', 30.8025, 26.8206, 225000001, 230000000),
          ('Grecia', 21.8243, 39.0742, 230000001, 235000000),
		 ('Israele', 35.2137, 31.0461, 235000001, 240000000),
      ('Sud Corea', 127.7669, 35.9078, 240000001, 245000000),
         ('Turchia', 35.2433, 38.9637, 245000001, 250000000);
   
INSERT INTO `RestrizioneFormato` (`Stato`, `FilmCodificato`)
VALUES
    ('Italia', 1),
    ('Francia', 2),
    ('Germania', 3),
    ('Spagna', 4),
    ('Regno Unito', 5),
    ('USA', 6),
    ('Canada', 7),
    ('Australia', 8),
    ('Giappone', 9),
    ('Cina', 10),
    ('Russia', 11),
    ('Brasile', 12),
    ('Argentina', 13),
    ('Sudafrica', 14),
    ('India', 15),
    ('Messico', 16),
    ('Nuova Zelanda', 17),
    ('Svezia', 18),
    ('Norvegia', 19),
    ('Danimarca', 20);